{
    "0":"transportation function",
    "1":"transportation function",
    "2":"transportation function",
    "3":"environment function",
    "4":"environment function",
    "5":"environment function",
    "6":"environment function",
    "7":"transportation function",
    "8":"environment function",
    "9":"environment function",
    "10":"technical function",
    "11":"technical function",
    "12":"technical function",
    "13":"technical function",
    "14":"transportation function",
    "15":"environment function",
    "16":"environment function",
    "17":"technical function",
    "18":"environment function",
    "19":"environment function",
    "20":"technical function",
    "21":"technical function",
    "22":"environment function",
    "23":"technical function",
    "24":"environment function",
    "25":"technical function",
    "26":"technical function",
    "27":"technical function",
    "28":"technical function",
    "29":"technical function",
    "30":"technical function",
    "31":"environment function",
    "32":"technical function",
    "33":"transportation function",
    "34":"technical function",
    "35":"technical function",
    "36":"coarse meterial",
    "37":"coarse meterial",
    "38":"coarse meterial",
    "39":"specific meterial",
    "40":"natural meterial",
    "41":"natural meterial",
    "42":"natural meterial",
    "43":"natural meterial",
    "44":"natural meterial",
    "45":"natural meterial",
    "46":"specific meterial",
    "47":"coarse meterial",
    "48":"coarse meterial",
    "49":"specific meterial",
    "50":"specific meterial",
    "51":"coarse meterial",
    "52":"specific meterial",
    "53":"coarse meterial",
    "54":"coarse meterial",
    "55":"coarse meterial",
    "56":"coarse meterial",
    "57":"coarse meterial",
    "58":"coarse meterial",
    "59":"specific meterial",
    "60":"specific meterial",
    "61":"coarse meterial",
    "62":"natural meterial",
    "63":"specific meterial",
    "64":"natural meterial",
    "65":"specific meterial",
    "66":"coarse meterial",
    "67":"specific meterial",
    "68":"specific meterial",
    "69":"specific meterial",
    "70":"specific meterial",
    "71":"natural meterial",
    "72":"specific meterial",
    "73":"specific meterial",
    "74":"light",
    "75":"light",
    "76":"light",
    "77":"surface",
    "78":"surface",
    "79":"surface",
    "80":"surface",
    "81":"surface",
    "82":"surface",
    "83":"surface",
    "84":"surface",
    "85":"temperature", 
    "86":"temperature",
    "87":"origin property",
    "88":"origin property",
    "89":"area",
    "90":"area",
    "91":"area",
    "92":"horizon",
    "93":"horizon",
    "94":"horizon",
    "95":"direction",
    "96":"direction",
    "97":"feeling",
    "98":"feeling",
    "99":"feeling",
    "100":"feeling",
    "101":"feeling"
}