{
    "0":"boating",
    "3":"transporting",
    "5":"touring",
    "10":"studying",
    "11":"teaching",
    "20":"queuing",
    "26":"audience",
    "28":"constructing",
    "30":"medical",
    "34":"business",
    "56":"wood",
    "57":"linoleum",
    "58":"plastic",
    "61":"stone",
    "62":"soil",
    "65":"waves",
    "67":"running water",
    "68":"still water",
    "76":"indoor light",
    "77":"worn",
    "81":"damp",
    "88":"man made",
    "89":"open",
    "90":"semi enclosed",
    "91":"enclosed",
    "92":"far away horizon",
    "95":"vertical",
    "96":"horizontal",
    "98":"cluttered"
}