{
    "0": "bill shape",
    "1": "bill shape",
    "2": "bill shape",
    "3": "bill shape",
    "4": "bill shape",
    "5": "bill shape",
    "6": "bill shape",
    "7": "bill shape",
    "8": "bill shape",
    "9": "wing color",
    "10": "wing color",
    "11": "wing color",
    "12": "wing color",
    "13": "wing color",
    "14": "wing color",
    "15": "wing color",
    "16": "wing color",
    "17": "wing color",
    "18": "wing color",
    "19": "wing color",
    "20": "wing color",
    "21": "wing color",
    "22": "wing color",
    "23": "wing color",
    "24": "upperparts color",
    "25": "upperparts color",
    "26": "upperparts color",
    "27": "upperparts color",
    "28": "upperparts color",
    "29": "upperparts color",
    "30": "upperparts color",
    "31": "upperparts color",
    "32": "upperparts color",
    "33": "upperparts color",
    "34": "upperparts color",
    "35": "upperparts color",
    "36": "upperparts color",
    "37": "upperparts color",
    "38": "upperparts color",
    "39": "underparts color",
    "40": "underparts color",
    "41": "underparts color",
    "42": "underparts color",
    "43": "underparts color",
    "44": "underparts color",
    "45": "underparts color",
    "46": "underparts color",
    "47": "underparts color",
    "48": "underparts color",
    "49": "underparts color",
    "50": "underparts color",
    "51": "underparts color",
    "52": "underparts color",
    "53": "underparts color",
    "54": "breast pattern",
    "55": "breast pattern",
    "56": "breast pattern",
    "57": "breast pattern",
    "58": "back color",
    "59": "back color",
    "60": "back color",
    "61": "back color",
    "62": "back color",
    "63": "back color",
    "64": "back color",
    "65": "back color",
    "66": "back color",
    "67": "back color",
    "68": "back color",
    "69": "back color",
    "70": "back color",
    "71": "back color",
    "72": "back color",
    "73": "tail shape",
    "74": "tail shape",
    "75": "tail shape",
    "76": "tail shape",
    "77": "tail shape",
    "78": "tail shape",
    "79": "upper tail color",
    "80": "upper tail color",
    "81": "upper tail color",
    "82": "upper tail color",
    "83": "upper tail color",
    "84": "upper tail color",
    "85": "upper tail color",
    "86": "upper tail color",
    "87": "upper tail color",
    "88": "upper tail color",
    "89": "upper tail color",
    "90": "upper tail color",
    "91": "upper tail color",
    "92": "upper tail color",
    "93": "upper tail color",
    "94": "head pattern",
    "95": "head pattern",
    "96": "head pattern",
    "97": "head pattern",
    "98": "head pattern",
    "99": "head pattern",
    "100": "head pattern",
    "101": "head pattern",
    "102": "head pattern",
    "103": "head pattern",
    "104": "head pattern",
    "105": "breast color",
    "106": "breast color",
    "107": "breast color",
    "108": "breast color",
    "109": "breast color",
    "110": "breast color",
    "111": "breast color",
    "112": "breast color",
    "113": "breast color",
    "114": "breast color",
    "115": "breast color",
    "116": "breast color",
    "117": "breast color",
    "118": "breast color",
    "119": "breast color",
    "120": "throat color",
    "121": "throat color",
    "122": "throat color",
    "123": "throat color",
    "124": "throat color",
    "125": "throat color",
    "126": "throat color",
    "127": "throat color",
    "128": "throat color",
    "129": "throat color",
    "130": "throat color",
    "131": "throat color",
    "132": "throat color",
    "133": "throat color",
    "134": "throat color",
    "135": "eye color",
    "136": "eye color",
    "137": "eye color",
    "138": "eye color",
    "139": "eye color",
    "140": "eye color",
    "141": "eye color",
    "142": "eye color",
    "143": "eye color",
    "144": "eye color",
    "145": "eye color",
    "146": "eye color",
    "147": "eye color",
    "148": "eye color",
    "149": "bill length",
    "150": "bill length",
    "151": "bill length",
    "152": "forehead color",
    "153": "forehead color",
    "154": "forehead color",
    "155": "forehead color",
    "156": "forehead color",
    "157": "forehead color",
    "158": "forehead color",
    "159": "forehead color",
    "160": "forehead color",
    "161": "forehead color",
    "162": "forehead color",
    "163": "forehead color",
    "164": "forehead color",
    "165": "forehead color",
    "166": "forehead color",
    "167": "under tail color",
    "168": "under tail color",
    "169": "under tail color",
    "170": "under tail color",
    "171": "under tail color",
    "172": "under tail color",
    "173": "under tail color",
    "174": "under tail color",
    "175": "under tail color",
    "176": "under tail color",
    "177": "under tail color",
    "178": "under tail color",
    "179": "under tail color",
    "180": "under tail color",
    "181": "under tail color",
    "182": "nape color",
    "183": "nape color",
    "184": "nape color",
    "185": "nape color",
    "186": "nape color",
    "187": "nape color",
    "188": "nape color",
    "189": "nape color",
    "190": "nape color",
    "191": "nape color",
    "192": "nape color",
    "193": "nape color",
    "194": "nape color",
    "195": "nape color",
    "196": "nape color",
    "197": "belly color",
    "198": "belly color",
    "199": "belly color",
    "200": "belly color",
    "201": "belly color",
    "202": "belly color",
    "203": "belly color",
    "204": "belly color",
    "205": "belly color",
    "206": "belly color",
    "207": "belly color",
    "208": "belly color",
    "209": "belly color",
    "210": "belly color",
    "211": "belly color",
    "212": "wing shape",
    "213": "wing shape",
    "214": "wing shape",
    "215": "wing shape",
    "216": "wing shape",
    "217": "size",
    "218": "size",
    "219": "size",
    "220": "size",
    "221": "size",
    "222": "shape",
    "223": "shape",
    "224": "shape",
    "225": "shape",
    "226": "shape",
    "227": "shape",
    "228": "shape",
    "229": "shape",
    "230": "shape",
    "231": "shape",
    "232": "shape",
    "233": "shape",
    "234": "shape",
    "235": "shape",
    "236": "back pattern",
    "237": "back pattern",
    "238": "back pattern",
    "239": "back pattern",
    "240": "tail pattern",
    "241": "tail pattern",
    "242": "tail pattern",
    "243": "tail pattern",
    "244": "belly pattern",
    "245": "belly pattern",
    "246": "belly pattern",
    "247": "belly pattern",
    "248": "primary color",
    "249": "primary color",
    "250": "primary color",
    "251": "primary color",
    "252": "primary color",
    "253": "primary color",
    "254": "primary color",
    "255": "primary color",
    "256": "primary color",
    "257": "primary color",
    "258": "primary color",
    "259": "primary color",
    "260": "primary color",
    "261": "primary color",
    "262": "primary color",
    "263": "leg color",
    "264": "leg color",
    "265": "leg color",
    "266": "leg color",
    "267": "leg color",
    "268": "leg color",
    "269": "leg color",
    "270": "leg color",
    "271": "leg color",
    "272": "leg color",
    "273": "leg color",
    "274": "leg color",
    "275": "leg color",
    "276": "leg color",
    "277": "leg color",
    "278": "bill color",
    "279": "bill color",
    "280": "bill color",
    "281": "bill color",
    "282": "bill color",
    "283": "bill color",
    "284": "bill color",
    "285": "bill color",
    "286": "bill color",
    "287": "bill color",
    "288": "bill color",
    "289": "bill color",
    "290": "bill color",
    "291": "bill color",
    "292": "bill color",
    "293": "crown color",
    "294": "crown color",
    "295": "crown color",
    "296": "crown color",
    "297": "crown color",
    "298": "crown color",
    "299": "crown color",
    "300": "crown color",
    "301": "crown color",
    "302": "crown color",
    "303": "crown color",
    "304": "crown color",
    "305": "crown color",
    "306": "crown color",
    "307": "crown color",
    "308": "wing pattern",
    "309": "wing pattern",
    "310": "wing pattern",
    "311": "wing pattern"
}