{
    "0":"curved",
    "4":"hooked seabird",
    "6":"all purpose",
    "11":"rainbow",
    "13":"auburn",
    "26":"rainbow",
    "28":"auburn",
    "41":"rainbow",
    "43":"auburn",
    "60":"rainbow",
    "62":"auburn",
    "73":"forked",
    "74":"rounded",
    "75":"notched",
    "76":"fan shaped",
    "77":"pointed",
    "78":"squared",
    "81":"rainbow",
    "83":"auburn",
    "98":"unique",
    "107":"rainbow",
    "109":"auburn",
    "122":"rainbow",
    "124":"auburn",
    "138":"auburn",
    "149":"same as head",
    "154":"rainbow",
    "156":"auburn",
    "169":"rainbow",
    "171":"auburn",
    "184":"rainbow",
    "186":"auburn",
    "199":"rainbow",
    "201":"auburn",
    "212":"round",
    "213":"pointed",
    "214":"broad",
    "215":"conical",
    "216":"long",
    "217":"large",
    "218":"small",
    "219":"very large",
    "220":"medium",
    "221":"very small",
    "222":"water upright perching",
    "223":"marsh chicken",
    "224":"long leg",
    "225":"duck",
    "226":"owl",
    "227":"gull",
    "228":"hummingbird",
    "229":"pigeon",
    "230":"tree clinging",
    "231":"hawk",
    "232":"sandpiper",
    "233":"upland ground",
    "234":"swallow",
    "235":"perching",
    "250":"rainbow",
    "252":"auburn",
    "265":"rainbow",
    "267":"auburn",
    "280":"rainbow",
    "282":"auburn",
    "295":"rainbow",
    "297":"auburn"
}