{
    "0":"color",
    "1":"color",
    "2":"color",
    "3":"color",
    "4":"color",
    "5":"color",
    "6":"color",
    "7":"color",
    "8":"pattern",
    "9":"pattern",
    "10":"pattern",
    "11":"texture",
    "12":"texture",
    "13":"texture",
    "14":"shape",
    "15":"shape",
    "16":"shape",
    "17":"shape",
    "18":"has part",
    "19":"has part",
    "20":"has part",
    "21":"has part",
    "22":"has part",
    "23":"has part",
    "24":"has part",
    "25":"has part",
    "26":"has part",
    "27":"has part",
    "28":"has part",
    "29":"has part",
    "30":"has part",
    "31":"has part",
    "32":"has part",
    "33":"has part",
    "34":"behaviour",
    "35":"behaviour",
    "36":"behaviour",
    "37":"behaviour",
    "38":"behaviour",
    "39":"character",
    "40":"character",
    "41":"character",
    "42":"character",
    "43":"has part",
    "44":"limb",
    "45":"limb",
    "46":"character",
    "47":"character",
    "48":"character",
    "49":"habit",
    "50":"character",
    "51":"diet",
    "52":"diet",
    "53":"diet",
    "54":"diet",
    "55":"diet",
    "56":"role",
    "57":"role",
    "58":"role",
    "59":"role",
    "60":"role",
    "61":"role",
    "62":"habitat",
    "63":"habitat",
    "64":"habitat",
    "65":"habitat",
    "66":"habitat",
    "67":"habitat",
    "68":"habitat",
    "69":"habitat",
    "70":"habitat",
    "71":"habitat",
    "72":"habitat",
    "73":"habitat",
    "74":"habitat",
    "75":"habitat",
    "76":"habitat",
    "77":"habitat",
    "78":"habit",
    "79":"habit",
    "80":"habit",
    "81":"habit",
    "82":"habit",
    "83":"habit",
    "84":"role"
}